Tamano,Tiempo(segundos)
100,0.000000
500,0.000000
1000,0.000000
2000,0.000000
3000,0.000000
4000,0.000000
5000,0.000000
6000,0.000000
7000,0.015621
8000,0.000000
9000,0.000000
10000,0.000000
20000,0.000000
30000,0.015620
40000,0.015621
50000,0.015621
60000,0.031243
70000,0.031243
80000,0.015614
90000,0.031242
100000,0.031242
